index	principal component 1	principal component 2	origin
Hepatoblast	0.16658294776832502	-0.2692316803919804	Hepatoblasts
hepatoblasts	-0.9868204363236631	-0.5917227412177279	Hepatoblasts
Hepatoblasts	-0.13323264349658845	0.15066018632855938	Hepatoblasts
hepatoblast	-0.7468248901456341	-0.8115050274623654	Hepatoblasts
B-CELL	1.2356123533745664	-0.16918328913452624	B-cells
B-cell	-0.38670397479460333	-0.8057040117488239	B-cells
B-Cell	-0.037348207330950324	1.553797749617932	B-cells
B-Cells	-0.02729696516903364	1.0582671217451016	B-cells
b-cells	-0.19829345768916656	-0.5623934270953302	B-cells
b-cell	-0.026472836895534608	-0.7618820036368963	B-cells
B-cells	-0.5356153570967216	-0.3871559116576289	B-cells
Germ-Cell	0.2705602451887684	0.3031879707152545	Germ-cells
germ-cells	-0.17677420282761871	-0.49846712864096654	Germ-cells
germ-cell	-0.1730925675661176	-0.8604094455761453	Germ-cells
Germ-cell	0.02979438098770725	-0.4156154066536676	Germ-cells
Delta-cells	0.15347844676341665	-0.4742932904779285	Delta-cells
delta-cell	-0.5797582735558569	-1.164546488414645	Delta-cells
delta-cells	-0.5013761988324308	-0.9864100680744976	Delta-cells
Myocytes	-0.38938451257614515	2.1701666128824626	Myocytes
myocytes	-0.8358813879636791	-0.43168737735449547	Myocytes
MYOCYTE	0.6945065290985456	-0.3155267463305504	Myocytes
Myocyte	-0.9332329036218132	0.6604276247514077	Myocytes
myocyte	-0.8945405029171386	-0.8129828914313852	Myocytes
Pericytes	-0.8595988713242528	1.1628101103736694	Pericytes
pericyte	-1.0860665880912836	-0.4192203138389849	Pericytes
PERICYTES	0.8492566187382348	-0.32234504938225905	Pericytes
Pericyte	-0.5851775400964526	0.6834165214566958	Pericytes
pericytes	-1.0109829835186177	-0.18404941900235422	Pericytes
RETICULOCYTE	2.7864536941047295	0.004930182610674102	Reticulocytes
RETICULOCYTES	3.2368415390202663	0.006909866127033176	Reticulocytes
reticulocyte	0.04530916379707243	-0.9808728480062392	Reticulocytes
Reticulocytes	-0.1811346870468977	0.33538377884320936	Reticulocytes
Reticulocyte	0.3954624843155301	0.42528394599193003	Reticulocytes
reticulocytes	-0.44980028933137056	-0.6115498564600648	Reticulocytes
adipocytes	-1.1033989646465054	-0.5970566191400936	Adipocytes
Adipocytes	-0.7484366609521812	1.7631390665743645	Adipocytes
adipocyte	-0.9981018989937246	-1.0746947450576443	Adipocytes
ADIPOCYTES	0.8584755885819165	-0.2188410154730689	Adipocytes
Adipocyte	-0.708732456889148	0.874341129150616	Adipocytes
ADIPOCYTE	0.9529073885382672	-0.2461453268322854	Adipocytes
platelets	-0.5471360671346955	-0.32666733932424347	Platelets
platelet	-0.38808663048766767	-0.6803929195872438	Platelets
Platelets	-0.4868835454466471	1.1114153467476107	Platelets
PLATELET	3.298234209224138	0.6006752109949662	Platelets
Platelet	-0.35366293403856985	0.6408752322398004	Platelets
PLATELETS	4.0333035167287035	0.517714389428187	Platelets
nuocytes	-0.5659820517600784	-0.1688893120949928	Nuocytes
Nuocytes	0.016438865569307914	-0.26698447556222055	Nuocytes
Nuocyte	0.17748093289445985	-0.3378529628759701	Nuocytes
nuocyte	-0.33491770878709265	-0.31707837731972344	Nuocytes
interneurons	-0.43860082638327225	-0.6819411770117199	Interneurons
interneuron	-0.3695516375296519	-0.9059155294164065	Interneurons
Interneuron	0.06179086593818426	0.8897908574563683	Interneurons
INTERNEURONS	2.2169273238075395	-0.19046997933931922	Interneurons
INTERNEURON	0.5491007990056579	-0.37507658040955	Interneurons
Interneurons	-0.27120042060230326	1.367349742795668	Interneurons
EOSINOPHILS	3.032832841414801	0.047057375625278015	Eosinophils
eosinophils	-0.8317089654230982	-0.1034886552912533	Eosinophils
eosinophil	-0.5817177511646155	-0.5046075791251714	Eosinophils
Eosinophil	-0.754570366273964	0.9344041702990108	Eosinophils
EOSINOPHIL	2.746440670349778	0.08351572240432731	Eosinophils
Eosinophils	-0.7344209979068026	1.4626788434853963	Eosinophils
NK-Cells	0.20434619051379668	-0.3538699411891009	NK-cells
NK-cell	-0.40419844910897684	-0.443273805412193	NK-cells
NK-cells	-0.548345498274135	-0.05987577652076349	NK-cells
NK-Cell	0.2522392586873676	0.36314147852228557	NK-cells
hemangioblasts	-0.7630747310247109	-0.48087946181805835	Hemangioblasts
hemangioblast	-0.689642574750068	-0.8878738156211065	Hemangioblasts
Hemangioblasts	0.0660728182706168	-0.045641802180457686	Hemangioblasts
Hemangioblast	0.13598187044335752	-0.2448286646850267	Hemangioblasts
myofibroblast	-1.2205534712813175	-0.553186798651307	Myofibroblasts
Myofibroblast	-0.80104678952289	0.867395849084111	Myofibroblasts
Myofibroblasts	-0.9780002143449763	1.1095176005105136	Myofibroblasts
myofibroblasts	-1.1435614941041643	-0.20079796393863905	Myofibroblasts
Neurons	-0.3600041800662168	1.3729020127165343	Neurons
NEURONS	4.24182977314217	0.3078684925659516	Neurons
neurons	-0.3832324356780512	-0.6495189559308165	Neurons
Neuron	-0.04632995590287426	0.7034209746582074	Neurons
NEURON	1.1181135626589933	-0.38915446198100756	Neurons
neuron	-0.25021455688434685	-0.953617732213834	Neurons
enterocytes	-0.7068385050750858	-0.605835274362849	Enterocytes
Enterocyte	-0.2770424869935542	0.47590474425365004	Enterocytes
enterocyte	-0.686754858935511	-0.8953478685586754	Enterocytes
Enterocytes	-0.37904046752286424	0.7770258280917485	Enterocytes
Microglia	-0.9598608312085456	1.7480013713327651	Microglia
microglia	-1.004968054176006	-0.1905025817148812	Microglia
MICROGLIA	2.390034549740597	-0.041897191409181626	Microglia
KERATINOCYTES	1.3316904178174624	-0.25601848094357116	Keratinocytes
keratinocytes	-0.9374476947272827	-0.4609863881595701	Keratinocytes
keratinocyte	-0.9951812083988593	-0.6515742585183351	Keratinocytes
Keratinocyte	-0.7150941235143169	1.4844492418401407	Keratinocytes
KERATINOCYTE	1.0554627615957342	-0.2403747740777186	Keratinocytes
Keratinocytes	-0.8211453974353784	1.7258999400771167	Keratinocytes
T-CELL	1.7847667252024482	-0.005435144883232293	T-cells
t-cells	-0.15291473460824587	-0.1759975342837874	T-cells
T-Cell	-0.07516261757817802	2.1566305400622596	T-cells
T-cell	-0.5461764038533972	-0.5786142299929824	T-cells
T-CELLS	1.0331959216411497	-0.23290096687706174	T-cells
T-Cells	-0.1466796793032463	2.021433647441942	T-cells
t-cell	-0.2768866163780744	-0.25856555686989574	T-cells
T-cells	-0.5734671324373138	-0.256135255129754	T-cells
spermatocyte	-0.49846295380106026	-0.9945028605444005	Spermatocytes
SPERMATOCYTES	2.172027789149399	-0.20259414825586775	Spermatocytes
Spermatocyte	0.16931645446144944	-0.11066637865823988	Spermatocytes
spermatocytes	-0.4015266582014262	-1.0996025203311406	Spermatocytes
Spermatocytes	0.1065498095433042	0.513875051936594	Spermatocytes
neutrophil	-0.6249339247652654	-0.3969397215512711	Neutrophils
NEUTROPHIL	3.1378521136555033	0.3118948399469628	Neutrophils
Neutrophils	-0.5711223618947788	1.6644770111563314	Neutrophils
neutrophils	-0.765737321973141	-0.0964373143522725	Neutrophils
Neutrophil	-0.5971764122849984	1.0693258664535141	Neutrophils
NEUTROPHILS	2.6957247425574913	0.06542090529714761	Neutrophils
Alpha-cell	0.09701712708563535	-0.42115650817643524	Alpha-cells
alpha-cells	-0.3407476416929853	-0.9343645078717941	Alpha-cells
Alpha-cells	0.19630006267498665	-0.3785533057918323	Alpha-cells
alpha-cell	-0.39138587065068425	-1.2008964898235475	Alpha-cells
plasma-cells	-0.3344149391155006	-0.27126031548638274	Plasma-cells
Plasma-cell	0.05518846839325242	-0.017041127438954536	Plasma-cells
Plasma-Cell	0.2766430049842197	0.005757212712061462	Plasma-cells
plasma-cell	-0.3604493546000299	-0.4126293501898631	Plasma-cells
Plasma-cells	0.23669226931004053	-0.4276811098602516	Plasma-cells
PLASMA-CELL	1.7591205911762169	-0.2409204688488528	Plasma-cells
motor-neurons	0.23356399987418533	-0.38674674642123685	Motor-neurons
Motor-neuron	0.21908771090614232	-0.0838125194623168	Motor-neurons
motor-neuron	-0.17219230773470884	-0.6033034375930343	Motor-neurons
Macrophage	-0.6873959044682452	1.4906568501702533	Macrophages
MACROPHAGE	3.162846229113737	0.4012524686947021	Macrophages
macrophages	-0.880988824134846	-0.07044793169331218	Macrophages
MACROPHAGES	4.208856704157803	0.5769409821431322	Macrophages
Macrophages	-0.7079249775046573	1.9119356517629391	Macrophages
macrophage	-0.8656509473691819	-0.36767813143646944	Macrophages
osteocyte	-0.9490525986545609	-0.7670325669191418	Osteocytes
osteocytes	-1.1108167221711724	-0.4835230984571846	Osteocytes
Osteocytes	-0.5936887932497673	0.8917980971394854	Osteocytes
Osteocyte	-0.6062376753002581	0.030912716842767744	Osteocytes
Erythroblast	-0.16295917044662125	0.314878873537853	Erythroblasts
ERYTHROBLASTS	2.313859751786005	-0.12350574183575476	Erythroblasts
Erythroblasts	-0.3580622698868062	0.6990715187679684	Erythroblasts
erythroblast	-0.5183333471299796	-0.9033440874991798	Erythroblasts
erythroblasts	-0.8003690667341787	-0.6403390605040414	Erythroblasts
Neuroblasts	-0.2579618729482734	0.6022790727935045	Neuroblasts
Neuroblast	-0.22307442553766005	0.5968947377206852	Neuroblasts
neuroblast	-0.6083679293852172	-1.0482118519474612	Neuroblasts
NEUROBLASTS	1.5414420299655354	-0.2342393955657575	Neuroblasts
neuroblasts	-0.5782225268969576	-0.7210498724202472	Neuroblasts
MYOBLASTS	1.4723198889670468	-0.2347148161543866	Myoblasts
myoblast	-1.0213855024383984	-0.8100732703586804	Myoblasts
Myoblast	-0.5378431309970032	1.1137147666099056	Myoblasts
Myoblasts	-0.7121522298101212	1.7220604740351255	Myoblasts
MYOBLAST	0.8063023983181854	-0.34970798218357985	Myoblasts
myoblasts	-0.9847103537926819	-0.5461248988049269	Myoblasts
megakaryocytes	-0.9672676022501678	-0.65680481505779	Megakaryocytes
MEGAKARYOCYTES	2.4223265849654028	-0.12923701924485428	Megakaryocytes
megakaryocyte	-0.9653543577016382	-0.921240441812935	Megakaryocytes
Megakaryocyte	-0.6908378689545682	0.09737220377082277	Megakaryocytes
Megakaryocytes	-0.6746384976247075	0.9551597132994473	Megakaryocytes
podocyte	-0.6774570171413666	-0.8679401910302902	Podocytes
Podocyte	-0.5935895817613783	0.7211033264569309	Podocytes
Podocytes	-0.6720689512672469	1.3558918530972082	Podocytes
podocytes	-0.7692556579143786	-0.5091488057539071	Podocytes
dendritic-cell	-0.6752141879129778	-0.1002375478710208	Dendritic-cells
Dendritic-cell	0.1328316836724757	-0.24559168593889255	Dendritic-cells
dendritic-cells	0.17568008691915138	-0.3918294628618949	Dendritic-cells
Beta-Cells	0.3374999049407829	0.6226323280685092	Beta-cells
Beta-cells	-0.11790965799236783	-0.2597252985859888	Beta-cells
Beta-Cell	0.26153988931536204	1.7285073311060197	Beta-cells
beta-cell	-0.4995669469649618	-1.3317564648338154	Beta-cells
beta-cells	-0.5072425895620645	-0.9282073994226512	Beta-cells
Beta-cell	-0.449368631346253	-0.6624154345162258	Beta-cells
trichocyte	-0.14495947873373483	-0.3865293762947891	Trichocytes
Trichocyte	0.25048066727489443	-0.25368940744474566	Trichocytes
trichocytes	-0.3333939236236668	-0.29479002823580536	Trichocytes
Goblet-cell	0.050313119181354685	-0.4969747355931779	Goblet-cells
goblet-cells	0.022768531919947026	-0.5024143472301621	Goblet-cells
goblet-cell	-0.31484800327127943	-0.8266486879474843	Goblet-cells
Cholangiocyte	-0.38180304819899474	-0.24631972248959758	Cholangiocytes
cholangiocyte	-0.7953923563492619	-0.9509575570846781	Cholangiocytes
cholangiocytes	-0.9015149180124717	-0.5936410949882485	Cholangiocytes
Cholangiocytes	-0.4610329538007932	0.400019507657882	Cholangiocytes
stromal-cell	-0.6214110834361363	-0.10138805090902972	Stromal-cells
Stromal-Cell	0.22889334260365296	-0.22991503531434204	Stromal-cells
stromal-cells	0.15527384229327232	-0.3864222472407866	Stromal-cells
Stromal-cell	0.07460013310104548	-0.23380829326349867	Stromal-cells
SPERMATOZOA	3.7233517625747568	0.07523541152385696	Spermatozoa
spermatozoa	-0.33880380969992524	-0.651340702042688	Spermatozoa
Spermatozoa	-0.2677402348608317	0.7769911540542299	Spermatozoa
cardiomyocytes	-0.8704945472953881	-0.5219906119192956	Cardiomyocytes
Cardiomyocytes	-0.633200660454137	1.987131285031389	Cardiomyocytes
cardiomyocyte	-0.8393555238633972	-0.9853071396954792	Cardiomyocytes
Cardiomyocyte	-0.769656046566668	1.1286521978768431	Cardiomyocytes
monocytes	-0.876676179289344	-0.0026239124283016315	Monocytes
Monocyte	-0.682060846282729	1.377030328243716	Monocytes
MONOCYTES	2.4669570132063456	0.019710769717763473	Monocytes
monocyte	-0.7621523582503393	-0.1170048552897929	Monocytes
MONOCYTE	1.4372576252350087	-0.16530855437542524	Monocytes
Monocytes	-0.7927382577598124	1.9940698168452533	Monocytes
melanocyte	-0.8817003270324395	-0.7844130766327028	Melanocytes
melanocytes	-0.8360369151491366	-0.563591537836516	Melanocytes
Melanocyte	-0.32539536451303736	1.0714302898012276	Melanocytes
Melanocytes	-0.5431583382959309	1.3285647125509645	Melanocytes
MELANOCYTE	2.137186063417225	-0.13563664413291388	Melanocytes
MELANOCYTES	2.5767716370341436	-0.011995482025592549	Melanocytes
granulosa-cell	-0.11851184132401815	-0.7427793771555872	Granulosa-cells
granulosa-cells	0.1787264398217763	-0.49906213148938966	Granulosa-cells
Granulosa-cell	0.15744751665703427	-0.1538733098728365	Granulosa-cells
Osteoblast	-0.9032959757757006	0.9160451515191872	Osteoblasts
OSTEOBLASTS	1.5822696914117778	-0.21741107697602577	Osteoblasts
osteoblasts	-1.1359107035042286	-0.5828892027757234	Osteoblasts
Osteoblasts	-1.0550403141386362	1.4164774930888155	Osteoblasts
osteoblast	-1.1843995316668086	-0.9615423875357965	Osteoblasts
OSTEOBLAST	1.7836980736902222	-0.033073249146771594	Osteoblasts
hepatocyte	-0.8432031296071868	-0.8152212079989499	Hepatocytes
hepatocytes	-0.8858082437825783	-0.610357817380945	Hepatocytes
HEPATOCYTES	2.5709429697759405	-0.13084305191211348	Hepatocytes
HEPATOCYTE	1.903898566237397	-0.17232266228714985	Hepatocytes
Hepatocyte	-0.8285393241167653	0.7054974431624482	Hepatocytes
Hepatocytes	-0.7437517029366798	1.552861967288229	Hepatocytes
Sebocyte	0.14884637575525508	0.29042718893063335	Sebocytes
sebocyte	-0.934654750423782	-0.8625493079213781	Sebocytes
Sebocytes	0.019186043387288625	0.5317638673055999	Sebocytes
sebocytes	-0.732421285905852	-0.4459927588864624	Sebocytes
Ionocyte	0.16615601097415716	-0.4124416325036622	Ionocytes
ionocyte	-0.5941006101996513	-0.8587977985885308	Ionocytes
Ionocytes	-0.05981912519059808	-0.2115668087991082	Ionocytes
ionocytes	-0.44652270666563243	-0.7812287823631536	Ionocytes
osteoclast	-0.987046750802971	-0.8305042266641907	Osteoclasts
Osteoclasts	-1.1489164179172524	1.4293641454762125	Osteoclasts
Osteoclast	-0.9246870780696665	1.0458418245265129	Osteoclasts
osteoclasts	-1.147517270550793	-0.4807007070515119	Osteoclasts
OSTEOCLASTS	2.021612300509898	-0.17905118673718665	Osteoclasts
Basophils	-0.5591930273239313	1.3357353135437335	Basophils
basophil	-0.7455672726265757	-0.3940403994926626	Basophils
basophils	-0.8205161995311808	-0.033900299204258695	Basophils
Basophil	-0.3087335744854098	0.8226701768181085	Basophils
BASOPHILS	2.2852518679642073	-0.15367881604165665	Basophils
BASOPHIL	2.9654963106202357	-0.011465453505704739	Basophils
oligodendrocyte	-0.8433883741023825	-0.7282565891438744	Oligodendrocytes
oligodendrocytes	-0.9438295044640413	-0.607911397656845	Oligodendrocytes
Oligodendrocyte	-0.622107164232985	1.0900319248900465	Oligodendrocytes
Oligodendrocytes	-0.7797004114456825	1.2141501912035801	Oligodendrocytes
Astrocytes	-0.8351640219940589	1.4580441549002288	Astrocytes
ASTROCYTE	1.473459067978551	-0.18794048841200178	Astrocytes
astrocytes	-0.9754223160540234	-0.3222992779456388	Astrocytes
astrocyte	-0.9818834595520168	-0.5979361700142105	Astrocytes
Astrocyte	-0.753730484696407	1.23795599524784	Astrocytes
ASTROCYTES	2.1971234969924778	-0.0008380495268052059	Astrocytes
Epithelial-cell	0.07032180221650386	-0.4122325763361103	Epithelial-cells
epithelial-cells	-0.2041554694286815	-0.32905507133801754	Epithelial-cells
epithelial-cell	-0.6657715367391249	-0.37898981401425436	Epithelial-cells
sertoli-cell	0.12115228371567599	-0.5370002864522515	Sertoli-cells
Sertoli-cell	-0.20558762290135146	-0.4907856452131093	Sertoli-cells
Sertoli-cells	0.10114535014397402	-0.46232813092753194	Sertoli-cells
Endothelial-cell	-0.016792498447611125	-0.5201203857056899	Endothelial-cells
endothelial-cells	-0.16508950191739594	-0.2891618917471073	Endothelial-cells
endothelial-cell	-0.7955317763639781	-0.3328092586724132	Endothelial-cells
FIBROBLAST	3.2615851059539693	0.007905593315403808	Fibroblasts
FIBROBLASTS	4.1954728054584045	0.28570275581779037	Fibroblasts
fibroblast	-0.981732311577904	-0.31825082577765346	Fibroblasts
fibroblasts	-0.8379938520580196	-0.24392615578105173	Fibroblasts
Fibroblast	-0.7044133811473906	1.3352466594113073	Fibroblasts
Fibroblasts	-0.7777845338665329	1.7072955471972784	Fibroblasts
CHONDROCYTES	1.327122611718122	-0.2510419657606183	Chondrocytes
chondrocyte	-1.110741814609383	-0.9070755613799073	Chondrocytes
chondrocytes	-1.2397378599036195	-0.43252913581880453	Chondrocytes
Chondrocyte	-0.87571346299748	0.867297122096585	Chondrocytes
Chondrocytes	-0.9411425515735093	1.6278313705453682	Chondrocytes
Pinealocytes	0.02978896645445141	0.06939431393129183	Pinealocytes
Pinealocyte	0.06387341407380175	-0.09170372539454087	Pinealocytes
pinealocyte	-0.5553510047949415	-0.9076035374822249	Pinealocytes
pinealocytes	-0.5513327272621455	-0.6167253090374681	Pinealocytes
tanycyte	-0.44682378258268046	-0.5527501581476929	Tanycytes
tanycytes	-0.7025848210802998	-0.5829606851176977	Tanycytes
Tanycyte	0.18381848563782882	-0.31066168113077036	Tanycytes
Tanycytes	-0.11745675146924148	-0.09572329491757706	Tanycytes
Thymocytes	-0.278615501155694	1.8809976908581634	Thymocytes
thymocyte	-0.8461155444039071	-0.958322073164129	Thymocytes
thymocytes	-0.5584934715956859	-0.5996913126865664	Thymocytes
Thymocyte	-0.4987228177223823	1.06910782632857	Thymocytes
THYMOCYTE	1.320031248206512	-0.28745850090821484	Thymocytes
THYMOCYTES	2.5597978422694285	-0.06323734095999181	Thymocytes
Basal-Cell	0.3691391103037544	-0.02667210419626237	Basal-cells
basal-cell	-0.05745957735044505	-0.34865578750619364	Basal-cells
BASAL-CELL	2.0101107556163265	-0.19843483414680121	Basal-cells
Basal-cell	0.29251666989864317	-0.26266813409251405	Basal-cells
mast-cells	-0.6640997188950349	-0.20162427127615265	Mast-cells
mast-cell	-0.7066943938495447	-0.3766263105478726	Mast-cells
Mast-cell	-0.3440829662374684	-0.12332254917021064	Mast-cells
Mast-Cell	0.24947441734164796	0.06004732132616439	Mast-cells
